/*
 Navicat MySQL Data Transfer

 Source Server         : mysql
 Source Server Type    : MySQL
 Source Server Version : 50515
 Source Host           : localhost:3306
 Source Schema         : shiro

 Target Server Type    : MySQL
 Target Server Version : 50515
 File Encoding         : 65001

 Date: 25/07/2018 22:48:40
*/

SET NAMES utf8mb4;
SET FOREIGN_KEY_CHECKS = 0;

-- ----------------------------
-- Table structure for hibernate_sequence
-- ----------------------------
DROP TABLE IF EXISTS `hibernate_sequence`;
CREATE TABLE `hibernate_sequence`  (
  `next_val` bigint(20) NULL DEFAULT NULL
) ENGINE = MyISAM CHARACTER SET = utf8 COLLATE = utf8_general_ci ROW_FORMAT = Fixed;

-- ----------------------------
-- Records of hibernate_sequence
-- ----------------------------
INSERT INTO `hibernate_sequence` VALUES (1);
INSERT INTO `hibernate_sequence` VALUES (1);
INSERT INTO `hibernate_sequence` VALUES (1);

-- ----------------------------
-- Table structure for permission
-- ----------------------------
DROP TABLE IF EXISTS `permission`;
CREATE TABLE `permission`  (
  `id` int(11) NOT NULL,
  `name` varchar(255) CHARACTER SET utf8 COLLATE utf8_general_ci NULL DEFAULT NULL,
  `url` varchar(255) CHARACTER SET utf8 COLLATE utf8_general_ci NULL DEFAULT NULL,
  PRIMARY KEY (`id`) USING BTREE
) ENGINE = MyISAM CHARACTER SET = utf8 COLLATE = utf8_general_ci ROW_FORMAT = Dynamic;

-- ----------------------------
-- Records of permission
-- ----------------------------
INSERT INTO `permission` VALUES (1, 'user:user', '/user');
INSERT INTO `permission` VALUES (2, 'user:add', '/user/add');
INSERT INTO `permission` VALUES (3, 'user:delete', '/user/delete');

-- ----------------------------
-- Table structure for role
-- ----------------------------
DROP TABLE IF EXISTS `role`;
CREATE TABLE `role`  (
  `id` int(11) NOT NULL,
  `memo` varchar(255) CHARACTER SET utf8 COLLATE utf8_general_ci NULL DEFAULT NULL,
  `name` varchar(255) CHARACTER SET utf8 COLLATE utf8_general_ci NULL DEFAULT NULL,
  PRIMARY KEY (`id`) USING BTREE
) ENGINE = MyISAM CHARACTER SET = utf8 COLLATE = utf8_general_ci ROW_FORMAT = Dynamic;

-- ----------------------------
-- Records of role
-- ----------------------------
INSERT INTO `role` VALUES (1, '超级管理员', 'admin');
INSERT INTO `role` VALUES (2, '测试账户', 'test');

-- ----------------------------
-- Table structure for role_permission
-- ----------------------------
DROP TABLE IF EXISTS `role_permission`;
CREATE TABLE `role_permission`  (
  `role_id` int(11) NOT NULL,
  `permission_id` int(11) NOT NULL,
  INDEX `FKf8yllw1ecvwqy3ehyxawqa1qp`(`permission_id`) USING BTREE,
  INDEX `FKa6jx8n8xkesmjmv6jqug6bg68`(`role_id`) USING BTREE
) ENGINE = MyISAM CHARACTER SET = latin1 COLLATE = latin1_swedish_ci ROW_FORMAT = Fixed;

-- ----------------------------
-- Records of role_permission
-- ----------------------------
INSERT INTO `role_permission` VALUES (1, 2);
INSERT INTO `role_permission` VALUES (1, 3);
INSERT INTO `role_permission` VALUES (2, 1);
INSERT INTO `role_permission` VALUES (1, 1);

-- ----------------------------
-- Table structure for user
-- ----------------------------
DROP TABLE IF EXISTS `user`;
CREATE TABLE `user`  (
  `id` int(11) NOT NULL AUTO_INCREMENT,
  `username` varchar(50) CHARACTER SET utf8 COLLATE utf8_general_ci NULL DEFAULT NULL,
  `password` varchar(255) CHARACTER SET utf8 COLLATE utf8_general_ci NULL DEFAULT NULL,
  `create_time` date NULL DEFAULT NULL,
  `status` char(1) CHARACTER SET utf8 COLLATE utf8_general_ci NULL DEFAULT NULL,
  PRIMARY KEY (`id`) USING BTREE
) ENGINE = InnoDB AUTO_INCREMENT = 3 CHARACTER SET = utf8 COLLATE = utf8_general_ci ROW_FORMAT = Compact;

-- ----------------------------
-- Records of user
-- ----------------------------
INSERT INTO `user` VALUES (1, 'admin', '1fedc5a36d03c185065dd2b323886aa5', '2018-07-23', '1');
INSERT INTO `user` VALUES (2, 'test', '7a38c13ec5e9310aed731de58bbc4214', '2018-07-23', '0');

-- ----------------------------
-- Table structure for user_role
-- ----------------------------
DROP TABLE IF EXISTS `user_role`;
CREATE TABLE `user_role`  (
  `user_id` int(11) NOT NULL,
  `role_id` int(11) NOT NULL,
  INDEX `FKa68196081fvovjhkek5m97n3y`(`role_id`) USING BTREE,
  INDEX `FK859n2jvi8ivhui0rl0esws6o`(`user_id`) USING BTREE
) ENGINE = MyISAM CHARACTER SET = utf8 COLLATE = utf8_general_ci ROW_FORMAT = Fixed;

-- ----------------------------
-- Records of user_role
-- ----------------------------
INSERT INTO `user_role` VALUES (1, 1);
INSERT INTO `user_role` VALUES (2, 2);

SET FOREIGN_KEY_CHECKS = 1;
